{"0": {"gk": 36.004631953926285, "gna": 119.91561331101256, "gleak": 0.2997385592373893, "ek": -82.03623253390188, "ena": 45.028284147345595, "eleak": -59.35717906013866, "c": 0.9998470285990088, "vrest": -59.35717564093531, "vthresh": 15.119047441363206}, "1": {"gk": 36.00153093313065, "gna": 120.01986477191677, "gleak": 0.2998581951754948, "ek": -82.05345208896243, "ena": 45.00798672567604, "eleak": -59.408333764046, "c": 0.9998517720756179, "vrest": -59.4083303480347, "vthresh": 15.037514843176238}, "2": {"gk": 35.98453605972319, "gna": 119.91419403820147, "gleak": 0.3002335211005058, "ek": -82.01854374509891, "ena": 44.994190825230724, "eleak": -59.40073231409135, "c": 0.9993228844749111, "vrest": -59.40072895827287, "vthresh": 15.011628336490237}, "3": {"gk": 36.03259224885336, "gna": 119.90989681994832, "gleak": 0.2997562934604813, "ek": -81.9836231316958, "ena": 44.98581015970255, "eleak": -59.35952959421523, "c": 0.9997776029973311, "vrest": -59.35952617413204, "vthresh": 15.106027714925261}, "4": {"gk": 35.97339491444357, "gna": 119.98226168891104, "gleak": 0.3001345566747272, "ek": -81.99656954964142, "ena": 44.96394218829047, "eleak": -59.37807851945977, "c": 0.9999215522753068, "vrest": -59.37807515036779, "vthresh": 15.050475965907857}, "5": {"gk": 35.990288341278514, "gna": 120.10131799600612, "gleak": 0.2997206694508329, "ek": -82.00921230604038, "ena": 45.01489237927579, "eleak": -59.38291069870303, "c": 0.9994821751891624, "vrest": -59.38290726026138, "vthresh": 15.08264662879592}, "6": {"gk": 36.03343941703088, "gna": 119.92923033825593, "gleak": 0.300236104730335, "ek": -81.96964399629107, "ena": 44.98914932205193, "eleak": -59.330737657438235, "c": 0.9997907211021274, "vrest": -59.33073432929006, "vthresh": 15.10112922783263}, "7": {"gk": 35.99325478019493, "gna": 120.01079113891905, "gleak": 0.29994783164041966, "ek": -81.98132890851889, "ena": 45.00701015815786, "eleak": -59.37399570200143, "c": 0.9993353168338792, "vrest": -59.373992303147105, "vthresh": 15.071852888063836}, "8": {"gk": 35.97427299058897, "gna": 119.89808741802672, "gleak": 0.2999650448181177, "ek": -82.02276805478795, "ena": 44.95533341913989, "eleak": -59.417650570078294, "c": 0.9998410660069038, "vrest": -59.41764716045085, "vthresh": 15.010903955824801}, "9": {"gk": 36.01636867383092, "gna": 120.104153856414, "gleak": 0.29970853540897746, "ek": -82.07747802576793, "ena": 44.99197946968822, "eleak": -59.335950164542076, "c": 0.9992256751269281, "vrest": -59.33594675610122, "vthresh": 15.143588767044333}, "10": {"gk": 35.98791947933017, "gna": 120.11291948015659, "gleak": 0.3001960576811425, "ek": -81.93658549442063, "ena": 44.95689238463085, "eleak": -59.34632990321805, "c": 0.9997816816871505, "vrest": -59.34632655055336, "vthresh": 15.085537006569332}, "11": {"gk": 35.991035718118255, "gna": 120.11085655431297, "gleak": 0.2999193984468184, "ek": -81.93797912656152, "ena": 45.015500848965694, "eleak": -59.437041444305066, "c": 0.9996458815319785, "vrest": -59.43703800992292, "vthresh": 14.994825547199767}, "12": {"gk": 35.99808518255058, "gna": 120.10930014891255, "gleak": 0.3002513016836834, "ek": -82.07290999877164, "ena": 45.017500748786716, "eleak": -59.40424533523628, "c": 0.9994579938412333, "vrest": -59.40424199086269, "vthresh": 15.008115303900421}, "13": {"gk": 35.998884267713564, "gna": 119.96339751734693, "gleak": 0.3000138720000015, "ek": -82.01459089376897, "ena": 44.99128312576314, "eleak": -59.44615310763766, "c": 0.9997832265792551, "vrest": -59.44614969840002, "vthresh": 15.251721637865765}, "14": {"gk": 36.022633288348935, "gna": 120.1149986913273, "gleak": 0.29998560189768597, "ek": -81.95989598430339, "ena": 44.98910337378611, "eleak": -59.352088607295556, "c": 0.9999875105461009, "vrest": -59.352085224957115, "vthresh": 15.093759966253826}, "15": {"gk": 36.00814919690362, "gna": 120.0455538076217, "gleak": 0.30008923597630516, "ek": -82.07996418133544, "ena": 45.03609306654022, "eleak": -59.327713420270165, "c": 0.9999784954094715, "vrest": -59.32771007977043, "vthresh": 15.118135111440507}, "16": {"gk": 36.0177519377483, "gna": 120.05050755117817, "gleak": 0.3002235409480346, "ek": -81.97239811759657, "ena": 45.02223977617557, "eleak": -59.35809006237804, "c": 0.9994658336234304, "vrest": -59.35808671966349, "vthresh": 15.07046439661216}, "17": {"gk": 35.965285932729586, "gna": 119.9053899685513, "gleak": 0.300074410703073, "ek": -81.98718073887558, "ena": 45.00562497472138, "eleak": -59.41977221575874, "c": 0.9990567813599779, "vrest": -59.41976881787188, "vthresh": 14.995900917738265}, "18": {"gk": 35.9937190738657, "gna": 120.10941259316974, "gleak": 0.3001917509272902, "ek": -82.00804156326326, "ena": 44.98286661622016, "eleak": -59.348920971742054, "c": 0.9993439925659691, "vrest": -59.34891762831138, "vthresh": 15.082945928811306}, "19": {"gk": 36.01926688838882, "gna": 120.04137596119284, "gleak": 0.299738958275349, "ek": -81.9352682499487, "ena": 45.002603614211516, "eleak": -59.32792275113275, "c": 0.9994621369383687, "vrest": -59.32791933114308, "vthresh": 15.151616192002477}, "20": {"gk": 36.034215291693705, "gna": 119.88753546677162, "gleak": 0.29970495695613936, "ek": -82.03457484606164, "ena": 45.04066427074365, "eleak": -59.342660963763514, "c": 0.9998526738585006, "vrest": -59.34265754879985, "vthresh": 15.136877974345706}, "21": {"gk": 35.97802374838503, "gna": 119.89751143249632, "gleak": 0.30002731543197575, "ek": -81.95112704283154, "ena": 44.97336615988558, "eleak": -59.38920062492859, "c": 0.9995696681605009, "vrest": -59.389197227391726, "vthresh": 15.042666329730963}, "22": {"gk": 36.0115978599348, "gna": 119.90212292983419, "gleak": 0.2998739251354437, "ek": -82.01810059109867, "ena": 45.04176864292397, "eleak": -59.33736241474452, "c": 0.999557862911117, "vrest": -59.33735902525148, "vthresh": 15.128194863805824}, "23": {"gk": 35.98651471878229, "gna": 120.10014253853264, "gleak": 0.2997722797592521, "ek": -81.99060846295546, "ena": 45.01854473632227, "eleak": -59.3953060351476, "c": 0.9992842843566792, "vrest": -59.39530259772547, "vthresh": 15.066938850484796}, "24": {"gk": 36.00005704005215, "gna": 119.96348759594662, "gleak": 0.30000429601252776, "ek": -81.9960555213719, "ena": 45.02715378036327, "eleak": -59.39866814894072, "c": 0.9993987055710405, "vrest": -59.39866475364215, "vthresh": 15.033198803480538}, "25": {"gk": 36.02940342414439, "gna": 119.94311374812891, "gleak": 0.30024183726851245, "ek": -81.98318533113951, "ena": 44.96525082344343, "eleak": -59.42766145988128, "c": 0.9993335332591636, "vrest": -59.427658097398876, "vthresh": 15.252919163931619}, "26": {"gk": 35.999089117720686, "gna": 120.01974673534937, "gleak": 0.30015749158909083, "ek": -82.01333831509058, "ena": 45.006042143446926, "eleak": -59.40540073668132, "c": 0.9991175545374438, "vrest": -59.40539736758251, "vthresh": 15.010272368027639}, "27": {"gk": 36.01156163832188, "gna": 120.0574598860235, "gleak": 0.3000855923911481, "ek": -82.07222885043852, "ena": 45.03473533371959, "eleak": -59.33924433214983, "c": 0.9999002309341248, "vrest": -59.33924098607652, "vthresh": 15.106604205134422}, "28": {"gk": 35.988634097877465, "gna": 119.93697571659666, "gleak": 0.2999106161331936, "ek": -82.01046305626457, "ena": 45.04459533919848, "eleak": -59.34293041969959, "c": 0.9993974823430537, "vrest": -59.342927029690046, "vthresh": 15.119314418520219}, "29": {"gk": 35.99739263782556, "gna": 119.95086051323567, "gleak": 0.3002042992715878, "ek": -82.02975292350766, "ena": 45.024430678720556, "eleak": -59.3646443036382, "c": 0.9999885784320945, "vrest": -59.36464096002778, "vthresh": 15.063910156247871}, "30": {"gk": 36.03482019725653, "gna": 119.90458872342026, "gleak": 0.2997350848577879, "ek": -81.94292025830566, "ena": 44.98118591413317, "eleak": -59.44442979993351, "c": 0.99995569729986, "vrest": -59.44442633798588, "vthresh": 15.00141885322506}, "31": {"gk": 35.977754452206185, "gna": 119.88209409867207, "gleak": 0.3002519210020057,