{"neurons": {"0": {"neuron_params": {"gk": 36.004631953926285, "gna": 119.91561331101256, "gleak": 0.2997385592373893, "ek": -82.03623253390188, "ena": 45.028284147345595, "eleak": -59.35717906013866, "vrest": -59.35717564093531, "vthresh": 15.119047441363206, "v": -59.35717564093531, "c": 0.9998470285990088, "x": 0.367913271411468, "y": 2.02974648417668}, "gating_params": {"n_state": 0.0025651537930804305, "n_alpha": 0.0006751030307633406, "n_beta": 0.2625071796785419, "m_state": 1.6920952143168492e-05, "m_alpha": 0.0018307569185025856, "m_beta": 108.19284428338166, "h_state": 0.9999033625824062, "h_alpha": 1.361515945957295, "h_beta": 0.00013158610117097955}}, "1": {"neuron_params": {"gk": 36.004631953926285, "gna": 119.91561331101256, "gleak": 0.2997385592373893, "ek": -82.03623253390188, "ena": 45.028284147345595, "eleak": -59.35717906013866, "vrest": -59.35717564093531, "vthresh": 15.119047441363206, "v": -59.35717564093531, "c": 0.9998470285990088, "x": 2.073689600273715, "y": 1.5548104937586933}, "gating_params": {"n_state": 0.0025651537930804305, "n_alpha": 0.0006751030307633406, "n_beta": 0.2625071796785419, "m_state": 1.6920952143168492e-05, "m_alpha": 0.0018307569185025856, "m_beta": 108.19284428338166, "h_state": 0.9999033625824062, "h_alpha": 1.361515945957295, "h_beta": 0.00013158610117097955}}, "2": {"neuron_params": {"gk": 36.004631953926285, "gna": 119.91561331101256, "gleak": 0.2997385592373893, "ek": -82.03623253390188, "ena": 45.028284147345595, "eleak": -59.35717906013866, "vrest": -59.35717564093531, "vthresh": 15.119047441363206, "v": -59.35717564093531, "c": 0.9998470285990088, "x": 4.499326376947257, "y": 4.890811495439744}, "gating_params": {"n_state": 0.0025651537930804305, "n_alpha": 0.0006751030307633406, "n_beta": 0.2625071796785419, "m_state": 1.6920952143168492e-05, "m_alpha": 0.0018307569185025856, "m_beta": 108.19284428338166, "h_state": 0.9999033625824062, "h_alpha": 1.361515945957295, "h_beta": 0.00013158610117097955}}, "3": {"neuron_params": {"gk": 36.004631953926285, "gna": 119.91561331101256, "gleak": 0.2997385592373893, "ek": -82.03623253390188, "ena": 45.028284147345595, "eleak": -59.35717906013866, "vrest": -59.35717564093531, "vthresh": 15.119047441363206, "v": -59.35717564093531, "c": 0.9998470285990088, "x": 3.228630319807964, "y": 1.0917553497203607}, "gating_params": {"n_state": 0.0025651537930804305, "n_alpha": 0.0006751030307633406, "n_beta": 0.2625071796785419, "m_state": 1.6920952143168492e-05, "m_alpha": 0.0018307569185025856, "m_beta": 108.19284428338166, "h_state": 0.9999033625824062, "h_alpha": 1.361515945957295, "h_beta": 0.00013158610117097955}}, "4": {"neuron_params": {"gk": 36.004631953926285, "gna": 119.91561331101256, "gleak": 0.2997385592373893, "ek": -82.03623253390188, "ena": 45.028284147345595, "eleak": -59.35717906013866, "vrest": -59.35717564093531, "vthresh": 15.119047441363206, "v": -59.35717564093531, "c": 0.9998470285990088, "x": 4.679946566684507, "y": 1.378391291316818}, "gating_params": {"n_state": 0.0025651537930804305, "n_alpha": 0.0006751030307633406, "n_beta": 0.2625071796785419, "m_state": 1.6920952143168492e-05, "m_alpha": 0.0018307569185025856, "m_beta": 108.19284428338166, "h_state": 0.9999033625824062, "h_alpha": 1.361515945957295, "h_beta": 0.00013158610117097955}}}, "synapses": {"0": {"state": {"r": 1, "r_past": 1, "u": 0.1, "u_past": 0, "t": 0}, "params": {"g_syn": 0, "g_max": 1, "u_max": 0.1, "e": 0, "tau_recovery": 0.2, "tau_facilitation": 0.5}, "connections": {"pre": [3, 1], "post": [4]}}, "1": {"state": {"r": 1, "r_past": 1, "u": 0.1, "u_past": 0, "t": 0}, "params": {"g_syn": 0, "g_max": 1, "u_max": 0.1, "e": 0, "tau_recovery": 0.2, "tau_facilitation": 0.5}, "connections": {"pre": [0], "post": [1]}}, "2": {"state": {"r": 1, "r_past": 1, "u": 0.1, "u_past": 0, "t": 0}, "params": {"g_syn": 0, "g_max": 1, "u_max": 0.1, "e": 0, "tau_recovery": 0.2, "tau_facilitation": 0.5}, "connections": {"pre": [1], "post": [3]}}, "3": {"state": {"r": 1, "r_past": 1, "u": 0.1, "u_past": 0, "t": 0}, "params": {"g_syn": 0, "g_max": 1, "u_max": 0.1, "e": 0, "tau_recovery": 0.2, "tau_facilitation": 0.5}, "connections": {"pre": [1], "post": [4]}}, "4": {"state": {"r": 1, "r_past": 1, "u": 0.1, "u_past": 0, "t": 0}, "params": {"g_syn": 0, "g_max": 1, "u_max": 0.1, "e": 0, "tau_recovery": 0.2, "tau_facilitation": 0.5}, "connections": {"pre": [3], "post": [4]}}}, "network": {"t": 0, "dt": 0.001, "num_neurons": 5}}